DATAFLOW,LAST UPDATE,freq,statinfo,unit,isced11,life_sat,sex,age,geo,TIME_PERIOD,OBS_VALUE,OBS_FLAG
ESTAT:ILC_PW01(1.0),20/09/24 23:00:00,A,AVG,RTG,TOTAL,LIFE,T,Y_GE16,AL,2018,5.5,
ESTAT:ILC_PW01(1.0),20/09/24 23:00:00,A,AVG,RTG,TOTAL,LIFE,T,Y_GE16,AT,2013,7.8,
ESTAT:ILC_PW01(1.0),20/09/24 23:00:00,A,AVG,RTG,TOTAL,LIFE,T,Y_GE16,AT,2018,8.0,
ESTAT:ILC_PW01(1.0),20/09/24 23:00:00,A,AVG,RTG,TOTAL,LIFE,T,Y_GE16,AT,2023,7.7,
ESTAT:ILC_PW01(1.0),20/09/24 23:00:00,A,AVG,RTG,TOTAL,LIFE,T,Y_GE16,BE,2013,7.5,
ESTAT:ILC_PW01(1.0),20/09/24 23:00:00,A,AVG,RTG,TOTAL,LIFE,T,Y_GE16,BE,2018,7.6,
ESTAT:ILC_PW01(1.0),20/09/24 23:00:00,A,AVG,RTG,TOTAL,LIFE,T,Y_GE16,BE,2023,7.7,
ESTAT:ILC_PW01(1.0),20/09/24 23:00:00,A,AVG,RTG,TOTAL,LIFE,T,Y_GE16,BG,2013,4.8,
ESTAT:ILC_PW01(1.0),20/09/24 23:00:00,A,AVG,RTG,TOTAL,LIFE,T,Y_GE16,BG,2018,5.4,
ESTAT:ILC_PW01(1.0),20/09/24 23:00:00,A,AVG,RTG,TOTAL,LIFE,T,Y_GE16,BG,2023,5.9,
ESTAT:ILC_PW01(1.0),20/09/24 23:00:00,A,AVG,RTG,TOTAL,LIFE,T,Y_GE16,CH,2013,8.0,
ESTAT:ILC_PW01(1.0),20/09/24 23:00:00,A,AVG,RTG,TOTAL,LIFE,T,Y_GE16,CH,2018,8.0,
ESTAT:ILC_PW01(1.0),20/09/24 23:00:00,A,AVG,RTG,TOTAL,LIFE,T,Y_GE16,CH,2023,7.8,
ESTAT:ILC_PW01(1.0),20/09/24 23:00:00,A,AVG,RTG,TOTAL,LIFE,T,Y_GE16,CY,2013,6.2,
ESTAT:ILC_PW01(1.0),20/09/24 23:00:00,A,AVG,RTG,TOTAL,LIFE,T,Y_GE16,CY,2018,7.1,
ESTAT:ILC_PW01(1.0),20/09/24 23:00:00,A,AVG,RTG,TOTAL,LIFE,T,Y_GE16,CY,2023,7.5,
ESTAT:ILC_PW01(1.0),20/09/24 23:00:00,A,AVG,RTG,TOTAL,LIFE,T,Y_GE16,CZ,2013,6.9,u
ESTAT:ILC_PW01(1.0),20/09/24 23:00:00,A,AVG,RTG,TOTAL,LIFE,T,Y_GE16,CZ,2018,7.4,u
ESTAT:ILC_PW01(1.0),20/09/24 23:00:00,A,AVG,RTG,TOTAL,LIFE,T,Y_GE16,CZ,2023,7.4,
ESTAT:ILC_PW01(1.0),20/09/24 23:00:00,A,AVG,RTG,TOTAL,LIFE,T,Y_GE16,DE,2013,7.3,
ESTAT:ILC_PW01(1.0),20/09/24 23:00:00,A,AVG,RTG,TOTAL,LIFE,T,Y_GE16,DE,2018,7.4,
ESTAT:ILC_PW01(1.0),20/09/24 23:00:00,A,AVG,RTG,TOTAL,LIFE,T,Y_GE16,DE,2023,7.0,u
ESTAT:ILC_PW01(1.0),20/09/24 23:00:00,A,AVG,RTG,TOTAL,LIFE,T,Y_GE16,DK,2013,8.0,
ESTAT:ILC_PW01(1.0),20/09/24 23:00:00,A,AVG,RTG,TOTAL,LIFE,T,Y_GE16,DK,2018,7.8,
ESTAT:ILC_PW01(1.0),20/09/24 23:00:00,A,AVG,RTG,TOTAL,LIFE,T,Y_GE16,DK,2023,7.5,
ESTAT:ILC_PW01(1.0),20/09/24 23:00:00,A,AVG,RTG,TOTAL,LIFE,T,Y_GE16,EE,2013,6.5,
ESTAT:ILC_PW01(1.0),20/09/24 23:00:00,A,AVG,RTG,TOTAL,LIFE,T,Y_GE16,EE,2018,7.0,
ESTAT:ILC_PW01(1.0),20/09/24 23:00:00,A,AVG,RTG,TOTAL,LIFE,T,Y_GE16,EE,2023,7.2,
ESTAT:ILC_PW01(1.0),20/09/24 23:00:00,A,AVG,RTG,TOTAL,LIFE,T,Y_GE16,EL,2013,6.2,
ESTAT:ILC_PW01(1.0),20/09/24 23:00:00,A,AVG,RTG,TOTAL,LIFE,T,Y_GE16,EL,2018,6.4,
ESTAT:ILC_PW01(1.0),20/09/24 23:00:00,A,AVG,RTG,TOTAL,LIFE,T,Y_GE16,EL,2023,6.9,
ESTAT:ILC_PW01(1.0),20/09/24 23:00:00,A,AVG,RTG,TOTAL,LIFE,T,Y_GE16,ES,2013,6.9,
ESTAT:ILC_PW01(1.0),20/09/24 23:00:00,A,AVG,RTG,TOTAL,LIFE,T,Y_GE16,ES,2018,7.3,
ESTAT:ILC_PW01(1.0),20/09/24 23:00:00,A,AVG,RTG,TOTAL,LIFE,T,Y_GE16,ES,2023,7.2,
ESTAT:ILC_PW01(1.0),20/09/24 23:00:00,A,AVG,RTG,TOTAL,LIFE,T,Y_GE16,FI,2013,8.0,
ESTAT:ILC_PW01(1.0),20/09/24 23:00:00,A,AVG,RTG,TOTAL,LIFE,T,Y_GE16,FI,2018,8.1,
ESTAT:ILC_PW01(1.0),20/09/24 23:00:00,A,AVG,RTG,TOTAL,LIFE,T,Y_GE16,FI,2023,7.8,b
ESTAT:ILC_PW01(1.0),20/09/24 23:00:00,A,AVG,RTG,TOTAL,LIFE,T,Y_GE16,FR,2013,7.1,u
ESTAT:ILC_PW01(1.0),20/09/24 23:00:00,A,AVG,RTG,TOTAL,LIFE,T,Y_GE16,FR,2018,7.3,u
ESTAT:ILC_PW01(1.0),20/09/24 23:00:00,A,AVG,RTG,TOTAL,LIFE,T,Y_GE16,FR,2023,7.1,u
ESTAT:ILC_PW01(1.0),20/09/24 23:00:00,A,AVG,RTG,TOTAL,LIFE,T,Y_GE16,HR,2013,6.4,u
ESTAT:ILC_PW01(1.0),20/09/24 23:00:00,A,AVG,RTG,TOTAL,LIFE,T,Y_GE16,HR,2018,6.3,u
ESTAT:ILC_PW01(1.0),20/09/24 23:00:00,A,AVG,RTG,TOTAL,LIFE,T,Y_GE16,HR,2023,7.1,b
ESTAT:ILC_PW01(1.0),20/09/24 23:00:00,A,AVG,RTG,TOTAL,LIFE,T,Y_GE16,HU,2013,6.1,
ESTAT:ILC_PW01(1.0),20/09/24 23:00:00,A,AVG,RTG,TOTAL,LIFE,T,Y_GE16,HU,2018,6.5,
ESTAT:ILC_PW01(1.0),20/09/24 23:00:00,A,AVG,RTG,TOTAL,LIFE,T,Y_GE16,HU,2023,7.2,u
ESTAT:ILC_PW01(1.0),20/09/24 23:00:00,A,AVG,RTG,TOTAL,LIFE,T,Y_GE16,IE,2013,7.5,u
ESTAT:ILC_PW01(1.0),20/09/24 23:00:00,A,AVG,RTG,TOTAL,LIFE,T,Y_GE16,IE,2018,8.1,u
ESTAT:ILC_PW01(1.0),20/09/24 23:00:00,A,AVG,RTG,TOTAL,LIFE,T,Y_GE16,IE,2023,7.6,
ESTAT:ILC_PW01(1.0),20/09/24 23:00:00,A,AVG,RTG,TOTAL,LIFE,T,Y_GE16,IS,2013,8.0,
ESTAT:ILC_PW01(1.0),20/09/24 23:00:00,A,AVG,RTG,TOTAL,LIFE,T,Y_GE16,IS,2018,8.1,
ESTAT:ILC_PW01(1.0),20/09/24 23:00:00,A,AVG,RTG,TOTAL,LIFE,T,Y_GE16,IT,2013,6.6,u
ESTAT:ILC_PW01(1.0),20/09/24 23:00:00,A,AVG,RTG,TOTAL,LIFE,T,Y_GE16,IT,2018,7.0,
ESTAT:ILC_PW01(1.0),20/09/24 23:00:00,A,AVG,RTG,TOTAL,LIFE,T,Y_GE16,IT,2023,7.2,
ESTAT:ILC_PW01(1.0),20/09/24 23:00:00,A,AVG,RTG,TOTAL,LIFE,T,Y_GE16,LT,2013,6.7,u
ESTAT:ILC_PW01(1.0),20/09/24 23:00:00,A,AVG,RTG,TOTAL,LIFE,T,Y_GE16,LT,2018,6.4,u
ESTAT:ILC_PW01(1.0),20/09/24 23:00:00,A,AVG,RTG,TOTAL,LIFE,T,Y_GE16,LT,2023,7.2,
ESTAT:ILC_PW01(1.0),20/09/24 23:00:00,A,AVG,RTG,TOTAL,LIFE,T,Y_GE16,LU,2013,7.4,u
ESTAT:ILC_PW01(1.0),20/09/24 23:00:00,A,AVG,RTG,TOTAL,LIFE,T,Y_GE16,LU,2018,7.5,
ESTAT:ILC_PW01(1.0),20/09/24 23:00:00,A,AVG,RTG,TOTAL,LIFE,T,Y_GE16,LU,2023,7.3,
ESTAT:ILC_PW01(1.0),20/09/24 23:00:00,A,AVG,RTG,TOTAL,LIFE,T,Y_GE16,LV,2013,6.5,
ESTAT:ILC_PW01(1.0),20/09/24 23:00:00,A,AVG,RTG,TOTAL,LIFE,T,Y_GE16,LV,2018,6.7,u
ESTAT:ILC_PW01(1.0),20/09/24 23:00:00,A,AVG,RTG,TOTAL,LIFE,T,Y_GE16,LV,2023,6.9,
ESTAT:ILC_PW01(1.0),20/09/24 23:00:00,A,AVG,RTG,TOTAL,LIFE,T,Y_GE16,ME,2013,5.7,
ESTAT:ILC_PW01(1.0),20/09/24 23:00:00,A,AVG,RTG,TOTAL,LIFE,T,Y_GE16,ME,2018,6.5,
ESTAT:ILC_PW01(1.0),20/09/24 23:00:00,A,AVG,RTG,TOTAL,LIFE,T,Y_GE16,MK,2013,,u
ESTAT:ILC_PW01(1.0),20/09/24 23:00:00,A,AVG,RTG,TOTAL,LIFE,T,Y_GE16,MK,2018,6.0,
ESTAT:ILC_PW01(1.0),20/09/24 23:00:00,A,AVG,RTG,TOTAL,LIFE,T,Y_GE16,MT,2013,7.1,u
ESTAT:ILC_PW01(1.0),20/09/24 23:00:00,A,AVG,RTG,TOTAL,LIFE,T,Y_GE16,MT,2018,7.5,
ESTAT:ILC_PW01(1.0),20/09/24 23:00:00,A,AVG,RTG,TOTAL,LIFE,T,Y_GE16,MT,2023,7.4,
ESTAT:ILC_PW01(1.0),20/09/24 23:00:00,A,AVG,RTG,TOTAL,LIFE,T,Y_GE16,NL,2013,7.8,
ESTAT:ILC_PW01(1.0),20/09/24 23:00:00,A,AVG,RTG,TOTAL,LIFE,T,Y_GE16,NL,2018,7.7,
ESTAT:ILC_PW01(1.0),20/09/24 23:00:00,A,AVG,RTG,TOTAL,LIFE,T,Y_GE16,NL,2023,7.6,
ESTAT:ILC_PW01(1.0),20/09/24 23:00:00,A,AVG,RTG,TOTAL,LIFE,T,Y_GE16,NO,2013,7.9,
ESTAT:ILC_PW01(1.0),20/09/24 23:00:00,A,AVG,RTG,TOTAL,LIFE,T,Y_GE16,NO,2018,8.0,
ESTAT:ILC_PW01(1.0),20/09/24 23:00:00,A,AVG,RTG,TOTAL,LIFE,T,Y_GE16,NO,2023,7.6,
ESTAT:ILC_PW01(1.0),20/09/24 23:00:00,A,AVG,RTG,TOTAL,LIFE,T,Y_GE16,PL,2013,7.3,u
ESTAT:ILC_PW01(1.0),20/09/24 23:00:00,A,AVG,RTG,TOTAL,LIFE,T,Y_GE16,PL,2018,7.7,u
ESTAT:ILC_PW01(1.0),20/09/24 23:00:00,A,AVG,RTG,TOTAL,LIFE,T,Y_GE16,PL,2023,7.6,u
ESTAT:ILC_PW01(1.0),20/09/24 23:00:00,A,AVG,RTG,TOTAL,LIFE,T,Y_GE16,PT,2013,6.2,u
ESTAT:ILC_PW01(1.0),20/09/24 23:00:00,A,AVG,RTG,TOTAL,LIFE,T,Y_GE16,PT,2018,6.7,
ESTAT:ILC_PW01(1.0),20/09/24 23:00:00,A,AVG,RTG,TOTAL,LIFE,T,Y_GE16,PT,2023,7.1,u
ESTAT:ILC_PW01(1.0),20/09/24 23:00:00,A,AVG,RTG,TOTAL,LIFE,T,Y_GE16,RO,2013,7.2,
ESTAT:ILC_PW01(1.0),20/09/24 23:00:00,A,AVG,RTG,TOTAL,LIFE,T,Y_GE16,RO,2018,7.4,
ESTAT:ILC_PW01(1.0),20/09/24 23:00:00,A,AVG,RTG,TOTAL,LIFE,T,Y_GE16,RO,2023,7.7,
ESTAT:ILC_PW01(1.0),20/09/24 23:00:00,A,AVG,RTG,TOTAL,LIFE,T,Y_GE16,RS,2013,5.0,u
ESTAT:ILC_PW01(1.0),20/09/24 23:00:00,A,AVG,RTG,TOTAL,LIFE,T,Y_GE16,RS,2018,5.6,
ESTAT:ILC_PW01(1.0),20/09/24 23:00:00,A,AVG,RTG,TOTAL,LIFE,T,Y_GE16,SE,2013,7.9,
ESTAT:ILC_PW01(1.0),20/09/24 23:00:00,A,AVG,RTG,TOTAL,LIFE,T,Y_GE16,SE,2018,7.8,
ESTAT:ILC_PW01(1.0),20/09/24 23:00:00,A,AVG,RTG,TOTAL,LIFE,T,Y_GE16,SE,2023,7.5,
ESTAT:ILC_PW01(1.0),20/09/24 23:00:00,A,AVG,RTG,TOTAL,LIFE,T,Y_GE16,SI,2013,7.0,
ESTAT:ILC_PW01(1.0),20/09/24 23:00:00,A,AVG,RTG,TOTAL,LIFE,T,Y_GE16,SI,2018,7.2,
ESTAT:ILC_PW01(1.0),20/09/24 23:00:00,A,AVG,RTG,TOTAL,LIFE,T,Y_GE16,SI,2023,7.7,b
ESTAT:ILC_PW01(1.0),20/09/24 23:00:00,A,AVG,RTG,TOTAL,LIFE,T,Y_GE16,SK,2013,7.0,
ESTAT:ILC_PW01(1.0),20/09/24 23:00:00,A,AVG,RTG,TOTAL,LIFE,T,Y_GE16,SK,2018,7.1,
ESTAT:ILC_PW01(1.0),20/09/24 23:00:00,A,AVG,RTG,TOTAL,LIFE,T,Y_GE16,SK,2023,7.3,
ESTAT:ILC_PW01(1.0),20/09/24 23:00:00,A,AVG,RTG,TOTAL,LIFE,T,Y_GE16,TR,2013,5.8,u
ESTAT:ILC_PW01(1.0),20/09/24 23:00:00,A,AVG,RTG,TOTAL,LIFE,T,Y_GE16,TR,2018,5.7,
ESTAT:ILC_PW01(1.0),20/09/24 23:00:00,A,AVG,RTG,TOTAL,LIFE,T,Y_GE16,UK,2013,7.3,u
ESTAT:ILC_PW01(1.0),20/09/24 23:00:00,A,AVG,RTG,TOTAL,LIFE,T,Y_GE16,UK,2018,7.6,
ESTAT:ILC_PW01(1.0),20/09/24 23:00:00,A,AVG,RTG,TOTAL,LIFE,T,Y_GE16,XK,2018,5.9,
