DATAFLOW,LAST UPDATE,freq,unit,na_item,geo,TIME_PERIOD,OBS_VALUE,OBS_FLAG
ESTAT:NAMA_10_GDP(1.0),25/09/24 23:00:00,A,CLV15_MNAC,B1GQ,UK,1975,772467.0,
ESTAT:NAMA_10_GDP(1.0),25/09/24 23:00:00,A,CLV15_MNAC,B1GQ,UK,1976,794947.9,
ESTAT:NAMA_10_GDP(1.0),25/09/24 23:00:00,A,CLV15_MNAC,B1GQ,UK,1977,814485.7,
ESTAT:NAMA_10_GDP(1.0),25/09/24 23:00:00,A,CLV15_MNAC,B1GQ,UK,1978,848728.8,
ESTAT:NAMA_10_GDP(1.0),25/09/24 23:00:00,A,CLV15_MNAC,B1GQ,UK,1979,880547.8,
ESTAT:NAMA_10_GDP(1.0),25/09/24 23:00:00,A,CLV15_MNAC,B1GQ,UK,1980,862660.6,
ESTAT:NAMA_10_GDP(1.0),25/09/24 23:00:00,A,CLV15_MNAC,B1GQ,UK,1981,855865.1,
ESTAT:NAMA_10_GDP(1.0),25/09/24 23:00:00,A,CLV15_MNAC,B1GQ,UK,1982,872938.6,
ESTAT:NAMA_10_GDP(1.0),25/09/24 23:00:00,A,CLV15_MNAC,B1GQ,UK,1983,909792.9,
ESTAT:NAMA_10_GDP(1.0),25/09/24 23:00:00,A,CLV15_MNAC,B1GQ,UK,1984,930437.0,
ESTAT:NAMA_10_GDP(1.0),25/09/24 23:00:00,A,CLV15_MNAC,B1GQ,UK,1985,969026.1,
ESTAT:NAMA_10_GDP(1.0),25/09/24 23:00:00,A,CLV15_MNAC,B1GQ,UK,1986,999553.7,
ESTAT:NAMA_10_GDP(1.0),25/09/24 23:00:00,A,CLV15_MNAC,B1GQ,UK,1987,1053457.0,
ESTAT:NAMA_10_GDP(1.0),25/09/24 23:00:00,A,CLV15_MNAC,B1GQ,UK,1988,1113845.6,
ESTAT:NAMA_10_GDP(1.0),25/09/24 23:00:00,A,CLV15_MNAC,B1GQ,UK,1989,1142556.1,
ESTAT:NAMA_10_GDP(1.0),25/09/24 23:00:00,A,CLV15_MNAC,B1GQ,UK,1990,1150939.6,
ESTAT:NAMA_10_GDP(1.0),25/09/24 23:00:00,A,CLV15_MNAC,B1GQ,UK,1991,1138243.4,
ESTAT:NAMA_10_GDP(1.0),25/09/24 23:00:00,A,CLV15_MNAC,B1GQ,UK,1992,1142808.7,
ESTAT:NAMA_10_GDP(1.0),25/09/24 23:00:00,A,CLV15_MNAC,B1GQ,UK,1993,1171262.7,
ESTAT:NAMA_10_GDP(1.0),25/09/24 23:00:00,A,CLV15_MNAC,B1GQ,UK,1994,1216309.5,
ESTAT:NAMA_10_GDP(1.0),25/09/24 23:00:00,A,CLV15_MNAC,B1GQ,UK,1995,1242411.5,
ESTAT:NAMA_10_GDP(1.0),25/09/24 23:00:00,A,CLV15_MNAC,B1GQ,UK,1996,1273367.5,
ESTAT:NAMA_10_GDP(1.0),25/09/24 23:00:00,A,CLV15_MNAC,B1GQ,UK,1997,1336721.3,
ESTAT:NAMA_10_GDP(1.0),25/09/24 23:00:00,A,CLV15_MNAC,B1GQ,UK,1998,1386283.9,
ESTAT:NAMA_10_GDP(1.0),25/09/24 23:00:00,A,CLV15_MNAC,B1GQ,UK,1999,1431964.7,
ESTAT:NAMA_10_GDP(1.0),25/09/24 23:00:00,A,CLV15_MNAC,B1GQ,UK,2000,1482172.5,
ESTAT:NAMA_10_GDP(1.0),25/09/24 23:00:00,A,CLV15_MNAC,B1GQ,UK,2001,1522640.8,
ESTAT:NAMA_10_GDP(1.0),25/09/24 23:00:00,A,CLV15_MNAC,B1GQ,UK,2002,1555815.3,
ESTAT:NAMA_10_GDP(1.0),25/09/24 23:00:00,A,CLV15_MNAC,B1GQ,UK,2003,1607497.6,
ESTAT:NAMA_10_GDP(1.0),25/09/24 23:00:00,A,CLV15_MNAC,B1GQ,UK,2004,1644249.5,
ESTAT:NAMA_10_GDP(1.0),25/09/24 23:00:00,A,CLV15_MNAC,B1GQ,UK,2005,1692848.4,
ESTAT:NAMA_10_GDP(1.0),25/09/24 23:00:00,A,CLV15_MNAC,B1GQ,UK,2006,1738450.4,
ESTAT:NAMA_10_GDP(1.0),25/09/24 23:00:00,A,CLV15_MNAC,B1GQ,UK,2007,1779487.8,
ESTAT:NAMA_10_GDP(1.0),25/09/24 23:00:00,A,CLV15_MNAC,B1GQ,UK,2008,1774527.0,
ESTAT:NAMA_10_GDP(1.0),25/09/24 23:00:00,A,CLV15_MNAC,B1GQ,UK,2009,1701523.8,
ESTAT:NAMA_10_GDP(1.0),25/09/24 23:00:00,A,CLV15_MNAC,B1GQ,UK,2010,1736814.3,
ESTAT:NAMA_10_GDP(1.0),25/09/24 23:00:00,A,CLV15_MNAC,B1GQ,UK,2011,1758971.0,
ESTAT:NAMA_10_GDP(1.0),25/09/24 23:00:00,A,CLV15_MNAC,B1GQ,UK,2012,1784131.2,
ESTAT:NAMA_10_GDP(1.0),25/09/24 23:00:00,A,CLV15_MNAC,B1GQ,UK,2013,1823134.4,
ESTAT:NAMA_10_GDP(1.0),25/09/24 23:00:00,A,CLV15_MNAC,B1GQ,UK,2014,1875325.7,
ESTAT:NAMA_10_GDP(1.0),25/09/24 23:00:00,A,CLV15_MNAC,B1GQ,UK,2015,1919641.0,
ESTAT:NAMA_10_GDP(1.0),25/09/24 23:00:00,A,CLV15_MNAC,B1GQ,UK,2016,1952704.6,
ESTAT:NAMA_10_GDP(1.0),25/09/24 23:00:00,A,CLV15_MNAC,B1GQ,UK,2017,1986687.7,
ESTAT:NAMA_10_GDP(1.0),25/09/24 23:00:00,A,CLV15_MNAC,B1GQ,UK,2018,2011572.8,
ESTAT:NAMA_10_GDP(1.0),25/09/24 23:00:00,A,CLV15_MNAC,B1GQ,UK,2019,2039147.7,
